{
  "scan_info": {
    "network": "127.0.0.1/32",
    "scan_time": "2025-08-06T17:37:28.329986",
    "total_hosts": 1,
    "hosts_with_ports": 1,
    "hosts_with_screenshots": 0
  },
  "hosts": [
    {
      "ip": "127.0.0.1",
      "ports": {
        "135": {
          "service": "Unknown",
          "response": "open",
          "status": "open"
        },
        "445": {
          "service": "Unknown",
          "response": "open",
          "status": "open"
        },
        "3389": {
          "service": "RDP",
          "response": "open",
          "status": "open"
        },
        "5985": {
          "service": "Unknown",
          "response": "open",
          "status": "open"
        }
      },
      "screenshots": 0,
      "detected_os": "Windows",
      "summary": {
        "total_ports": 4,
        "web_ports": 0,
        "services": [
          "RDP"
        ]
      }
    }
  ]
}